Country/Region,Date,R,ci_95_u,ci_95_l,ci_65_u,ci_65_l,days_infectious,last_updated
France,2020-03-01,2.3688781097565026,2.7239762338901405,2.016439119262301,2.5381326697961097,2.2030611026294302,5,2021-06-22
France,2020-03-02,2.366544921253461,2.7021155863421664,2.0333368842549566,2.5254726278047053,2.2096236315995714,5,2021-06-22
France,2020-03-03,2.3686103999411654,2.686422568698456,2.0484842849353777,2.5207398041342746,2.2165078805839507,5,2021-06-22
France,2020-03-04,2.3850883639374496,2.6950231221854923,2.069979756159254,2.5326076614768924,2.2379322092675245,5,2021-06-22
France,2020-03-05,2.395740177983112,2.701074131099509,2.091238397255693,2.541196758541337,2.2498165161075585,5,2021-06-22
France,2020-03-06,2.3811625125741167,2.679930944081007,2.086073709934171,2.52345717871672,2.23969885017746,5,2021-06-22
France,2020-03-07,2.3691627306270115,2.6598768795769345,2.0811564540852245,2.507308960231972,2.2310774413589685,5,2021-06-22
France,2020-03-08,2.3337503629471983,2.6154714453452845,2.05275440426964,2.468712892249876,2.2009754255060296,5,2021-06-22
France,2020-03-09,2.296436582034696,2.572750088213253,2.021762611300132,2.4282868496157537,2.1648257278004417,5,2021-06-22
France,2020-03-10,2.275007930015507,2.5457812060389893,2.003364185850743,2.4055168800844564,2.146053710320781,5,2021-06-22
France,2020-03-11,2.246416882667045,2.516698825256641,1.975824087096368,2.374611679107169,2.1189545576957176,5,2021-06-22
France,2020-03-12,2.2173156464998702,2.4813616440068564,1.9535017944791224,2.3444025532887727,2.0902031211026904,5,2021-06-22
France,2020-03-13,2.2145585914101247,2.4876051009101023,1.9470866617687608,2.343716265453861,2.086784600482124,5,2021-06-22
France,2020-03-14,2.165830039157613,2.4329020091929574,1.90307098231876,2.2914861902789285,2.039176322613651,5,2021-06-22
France,2020-03-15,2.1219969649415646,2.3905309462741684,1.85959667166564,2.2465447199085116,1.9975377433420385,5,2021-06-22
France,2020-03-16,2.0912236558777635,2.3581848521865765,1.8308857700502164,2.215929112089792,1.9675685033564705,5,2021-06-22
France,2020-03-17,2.025412345794492,2.2824911963019545,1.7682713519756932,2.147665809388137,1.9028403058910528,5,2021-06-22
France,2020-03-18,1.96192289479334,2.2157829024785984,1.7096066763538609,2.0824149882324017,1.8421597521094668,5,2021-06-22
France,2020-03-19,1.9018787900538432,2.155363490059262,1.6515864560736235,2.02089274185329,1.7815057478440868,5,2021-06-22
France,2020-03-20,1.8372015151820649,2.0896024676959755,1.5828080144133247,1.9552654860406733,1.7190911999116387,5,2021-06-22
France,2020-03-21,1.7932014544517634,2.0424149602466652,1.5416189310071362,1.911624500542584,1.6760335497007806,5,2021-06-22
France,2020-03-22,1.7556235646118297,2.006408680244561,1.5083800161378376,1.874278301285609,1.6364462754582338,5,2021-06-22
France,2020-03-23,1.7048304428917058,1.956460328170684,1.4554347019528522,1.8234140937729035,1.5862039899269944,5,2021-06-22
France,2020-03-24,1.6559561900667268,1.9077646556317047,1.4066940585113514,1.7750041477491898,1.5370605636570058,5,2021-06-22
France,2020-03-25,1.6128978776419456,1.8660889735588029,1.3582158583113175,1.7317039836398256,1.4940676007680531,5,2021-06-22
France,2020-03-26,1.5696341730012295,1.8222970078290068,1.3147604246981253,1.6883417420357625,1.4484878700983113,5,2021-06-22
France,2020-03-27,1.5217111170364004,1.774776417711028,1.267292755274456,1.6415012031941545,1.4012891643643222,5,2021-06-22
France,2020-03-28,1.4812249889352225,1.734929182151645,1.2250915892006689,1.6015657733358757,1.3612030516507052,5,2021-06-22
France,2020-03-29,1.4375236959215734,1.6920426380541969,1.1785816421968518,1.5591178174040283,1.3165246060876774,5,2021-06-22
France,2020-03-30,1.394117268345249,1.646257118354186,1.1333458201241495,1.5163965236627772,1.271189067881198,5,2021-06-22
France,2020-03-31,1.3527386719036647,1.6108896993217887,1.0885231710345251,1.4758669777032491,1.2285444508383887,5,2021-06-22
France,2020-04-01,1.298679004555646,1.5591591508962903,1.029104466461115,1.4246094925431494,1.1741093519589525,5,2021-06-22
France,2020-04-02,1.2443625246709535,1.5152920964242007,0.9658425144156324,1.3740969754180663,1.1159134743367063,5,2021-06-22
France,2020-04-03,1.2042568221435823,1.4792596805378155,0.9161261915377752,1.3371530268956835,1.0737101883711175,5,2021-06-22
France,2020-04-04,1.165545967224102,1.4501513942851665,0.8685820730614402,1.3036616268263783,1.0298435585495138,5,2021-06-22
France,2020-04-05,1.1266683922311171,1.4147224272767045,0.8256104322434279,1.2671598882251485,0.987815447264748,5,2021-06-22
France,2020-04-06,1.0879629565733768,1.3792260305987238,0.7852168936318955,1.2268649257062156,0.947919637769424,5,2021-06-22
France,2020-04-07,1.0504291760947921,1.3451210217761878,0.7448462846906099,1.1901266597558386,0.9113352499152652,5,2021-06-22
France,2020-04-08,1.0132558763250112,1.3050641608006417,0.7102236129020549,1.1528184138787092,0.8741940203026448,5,2021-06-22
France,2020-04-09,0.9762335153620892,1.261155407289135,0.6795623645614591,1.1138828329000794,0.8393085330523564,5,2021-06-22
France,2020-04-10,0.9345959244480918,1.2190661711988555,0.640261439251917,1.0716186840925055,0.7991347097829347,5,2021-06-22
France,2020-04-11,0.8992210805689926,1.1782641480891174,0.6082899454754644,1.0348594157124178,0.7646985142548203,5,2021-06-22
France,2020-04-12,0.8685149282710879,1.146891549755114,0.5737643332208959,1.0029058066536116,0.7344798894541483,5,2021-06-22
France,2020-04-13,0.8379784318049005,1.1135536523748508,0.5500051052426137,0.9703630865146652,0.7047379800291474,5,2021-06-22
France,2020-04-14,0.8147167659302411,1.0865183724660956,0.5301336143077757,0.9470817441152216,0.6826210882818686,5,2021-06-22
France,2020-04-15,0.7857209901217175,1.0573548766702203,0.5042093759169533,0.916194320481057,0.6551073110479273,5,2021-06-22
France,2020-04-16,0.7619526089256563,1.0348080642580562,0.4866088939673604,0.8910497564534149,0.6320297896855673,5,2021-06-22
France,2020-04-17,0.7359088558896744,1.0050554653382269,0.4574924451370659,0.8663647817703306,0.6060120102163915,5,2021-06-22
France,2020-04-18,0.7172409204690252,0.9881815473337742,0.4410980601764064,0.8467842199983897,0.587790495766757,5,2021-06-22
France,2020-04-19,0.7025923724052192,0.9740264685816548,0.4242114476501766,0.8331199713192351,0.5731535869503982,5,2021-06-22
France,2020-04-20,0.6907456577133756,0.964840038612426,0.4092757196542231,0.8221133023655932,0.5608441158584312,5,2021-06-22
France,2020-04-21,0.6838992005681114,0.9562424189903708,0.3998830817470809,0.8157980199288516,0.5525904213533448,5,2021-06-22
France,2020-04-22,0.6871919123210932,0.961267750817386,0.4022478690072506,0.8215950169331588,0.5559636516138644,5,2021-06-22
France,2020-04-23,0.6988941190241038,0.976674610311358,0.4108744081688103,0.8323346447978373,0.5670040710872423,5,2021-06-22
France,2020-04-24,0.7103365192166822,0.9874339906505382,0.422237023037484,0.8442614025670191,0.5776962120789403,5,2021-06-22
France,2020-04-25,0.7230714748249069,0.9984197111659155,0.440609281709897,0.855895458460028,0.5919147083426715,5,2021-06-22
France,2020-04-26,0.7374462679765342,1.0098500353299062,0.4584982952160879,0.8677840965229366,0.6076134149833009,5,2021-06-22
France,2020-04-27,0.7519846107547647,1.0250640369549415,0.4759982371740532,0.8828496498476008,0.6212007934611063,5,2021-06-22
France,2020-04-28,0.7548812601251391,1.028558894552473,0.4785750745909515,0.8852763527524267,0.6247207827432246,5,2021-06-22
France,2020-04-29,0.7520096910949414,1.027506893241706,0.4717254648030795,0.8831972273980628,0.6218726278283854,5,2021-06-22
France,2020-04-30,0.7496736267054638,1.0217313383397018,0.4753838594941617,0.879791073488577,0.6201847735505741,5,2021-06-22
France,2020-05-01,0.7475007883995212,1.0195980334219985,0.4750884513007543,0.87473753401617,0.6214131560016551,5,2021-06-22
France,2020-05-02,0.7510695339109109,1.0128912174392788,0.486826365854951,0.8760194899082252,0.6266561362393758,5,2021-06-22
France,2020-05-03,0.7583664251642397,1.0181649851466843,0.4956432184429504,0.8807054774381171,0.6346329045971266,5,2021-06-22
France,2020-05-04,0.768210895273668,1.024771935247678,0.5079371053484856,0.8898518256628043,0.6468309822809584,5,2021-06-22
France,2020-05-05,0.7820002748652761,1.0368002339528095,0.5224976186172915,0.9036887693508476,0.6601882311555345,5,2021-06-22
France,2020-05-06,0.7932266799176548,1.0485866379524782,0.5384638065256546,0.9142468744227336,0.6717669205325094,5,2021-06-22
France,2020-05-07,0.7688845459663392,1.0207247332530307,0.5145125035162865,0.8884429491870098,0.6498753761254998,5,2021-06-22
France,2020-05-08,0.7475761427986813,0.9996418411473118,0.4929769043424109,0.8672934373544416,0.6273750310150696,5,2021-06-22
France,2020-05-09,0.731103843003763,0.9783217908814908,0.4778952439442568,0.8503739591513944,0.6115799219782491,5,2021-06-22
France,2020-05-10,0.7208759858351572,0.969260962683764,0.4669221423607558,0.840245334605138,0.6003219912479781,5,2021-06-22
France,2020-05-11,0.7126237513890876,0.9633751785999723,0.457296492750792,0.8319583375089468,0.5939674080537007,5,2021-06-22
France,2020-05-12,0.7090225491860523,0.9574731313997984,0.4555458374043586,0.8276238654165069,0.5907976409256813,5,2021-06-22
France,2020-05-13,0.7066473341120579,0.9548836003146092,0.4516514184743296,0.8257447467699308,0.5881891789166698,5,2021-06-22
France,2020-05-14,0.7138662574889417,0.9620679975211192,0.4594170131373829,0.8331932232497696,0.5958115826911392,5,2021-06-22
France,2020-05-15,0.7186083685465527,0.9688658084748488,0.4642742805621951,0.8386902531091478,0.6002199484467571,5,2021-06-22
France,2020-05-16,0.7231714882559659,0.9736485343303141,0.4681096811491622,0.8433783580239349,0.6040486887789436,5,2021-06-22
France,2020-05-17,0.7321312150346236,0.9825609613908772,0.4771375129223181,0.8534655485151001,0.6110049920015722,5,2021-06-22
France,2020-05-18,0.7406745455535009,0.9927740274051676,0.485434005246908,0.8608082077600802,0.6215519284151152,5,2021-06-22
France,2020-05-19,0.7461435536488712,1.0009248574093077,0.4884120547237445,0.8673250728805795,0.6265534878717152,5,2021-06-22
France,2020-05-20,0.7515653079447975,1.011308503665105,0.4925793521395517,0.875187220745282,0.6290194602954728,5,2021-06-22
France,2020-05-21,0.7589087194677587,1.0226240720916857,0.4984607605400746,0.8816651775110728,0.6348719704553656,5,2021-06-22
France,2020-05-22,0.7681922791904108,1.0356934504825943,0.5029770167036991,0.8941362491147488,0.6428794517187002,5,2021-06-22
France,2020-05-23,0.7641936220065019,1.0378247081309304,0.492260659627356,0.8918423995330922,0.63582584593213,5,2021-06-22
France,2020-05-24,0.7578839373014801,1.0362406671384343,0.4833818061205386,0.8880953898523706,0.6275069642601063,5,2021-06-22
France,2020-05-25,0.7513494258003297,1.031374209949086,0.4709133310235784,0.8830584171799821,0.6196561180883929,5,2021-06-22
France,2020-05-26,0.7451968450969522,1.021505297105079,0.4677789243890957,0.8772775798980912,0.6130718750736457,5,2021-06-22
France,2020-05-27,0.7448369993599858,1.0251272434147272,0.4664104267652704,0.8749093009750792,0.6131904694559254,5,2021-06-22
France,2020-05-28,0.7524108857492959,1.0348791843132004,0.4740578813086589,0.8830331909587493,0.6190874423194523,5,2021-06-22
France,2020-05-29,0.7602269094075481,1.040137215912624,0.4822827690720476,0.8916572897918315,0.6272514571037401,5,2021-06-22
France,2020-05-30,0.7691834033066959,1.0466740169521798,0.4903761661666082,0.9007177575638519,0.6370403554542766,5,2021-06-22
France,2020-05-31,0.761096076454391,1.0388268719171099,0.4846269169553529,0.8921469904730663,0.6282276221037808,5,2021-06-22
France,2020-06-01,0.7532007023302518,1.0343628625105017,0.4699754986797714,0.8862798902624944,0.6204898098909907,5,2021-06-22
France,2020-06-02,0.7463263458161309,1.0291550540078296,0.4599039364470079,0.8807700476805239,0.6114807210199906,5,2021-06-22
France,2020-06-03,0.7395297031521406,1.0229110533437262,0.4507826908502495,0.8756304080502042,0.604421250986136,5,2021-06-22
France,2020-06-04,0.7323908155694921,1.0126395809934314,0.4454667446950071,0.8674926808969979,0.5974419529008951,5,2021-06-22
France,2020-06-05,0.7258978040388733,1.0050825617726231,0.44529389525493146,0.8576021476299849,0.5949494556478423,5,2021-06-22
France,2020-06-06,0.7264736194612538,0.9996951653567232,0.4513294343785312,0.8559027189083663,0.598109541930847,5,2021-06-22
France,2020-06-07,0.7343341846773348,0.99876290605163,0.4620434563113239,0.8605215637248683,0.6089596725973354,5,2021-06-22
France,2020-06-08,0.7419297102425579,1.0012146597888092,0.4765101751865194,0.8672143920188191,0.6173388810451166,5,2021-06-22
France,2020-06-09,0.7529759422125955,1.0085145594856841,0.4884107986067855,0.8763190308692981,0.6291397172487234,5,2021-06-22
France,2020-06-10,0.7687520087128992,1.0248615382663275,0.5065576756743867,0.8897476267246478,0.6471013094723508,5,2021-06-22
France,2020-06-11,0.7860277703198996,1.0409934490803123,0.5282498447736153,0.9058903486241842,0.6664549745782111,5,2021-06-22
France,2020-06-12,0.8062164614006282,1.0579978233393148,0.5495558471648316,0.9261600497584258,0.6869411192101107,5,2021-06-22
France,2020-06-13,0.824158934629323,1.0753642860768524,0.5692890069178038,0.94407356733145,0.7047760235912391,5,2021-06-22
France,2020-06-14,0.8425114368371818,1.0929368499114598,0.5915750508580986,0.962169421495202,0.7243487511826465,5,2021-06-22
France,2020-06-15,0.8581646334717096,1.1083944016340097,0.6067858790720075,0.9771998455707837,0.7402034833163363,5,2021-06-22
France,2020-06-16,0.8820726846344673,1.132805539236902,0.6322531665450999,1.0010231993202712,0.7640655292767947,5,2021-06-22
France,2020-06-17,0.9038265503787098,1.155826244473176,0.654131707323154,1.0228091110183255,0.7849588516866083,5,2021-06-22
France,2020-06-18,0.9252412466784716,1.1783733640522052,0.6734415329158181,1.0432364458393248,0.8071948319668734,5,2021-06-22
France,2020-06-19,0.9405031841963456,1.1969170422316608,0.687513922441286,1.059523803380197,0.8210150279321279,5,2021-06-22
France,2020-06-20,0.955140274146502,1.2061649826530485,0.7010035548822291,1.07580139199197,0.8370742540352503,5,2021-06-22
France,2020-06-21,0.9641595852190964,1.2190338079241372,0.7127736498530723,1.0842254514034788,0.8450177180934058,5,2021-06-22
France,2020-06-22,0.9718279271746292,1.2253989317103056,0.7172002443836588,1.0928046322579437,0.8522651727483563,5,2021-06-22
France,2020-06-23,0.9924976681395168,1.2449512926367463,0.7379497197257591,1.113976813217005,0.8729411848739385,5,2021-06-22
France,2020-06-24,1.009720472463028,1.2620423690313995,0.7545730498652832,1.1307903701001625,0.8886919220833671,5,2021-06-22
France,2020-06-25,1.0374629372933182,1.298658592550634,0.7837249068670622,1.1595849658643065,0.9151372351239432,5,2021-06-22
France,2020-06-26,1.0679983614607331,1.3322881568491531,0.8118962057090633,1.1929268959387724,0.9439735754864996,5,2021-06-22
France,2020-06-27,1.076907917664769,1.3468079491815188,0.8140448651061494,1.2029995467542018,0.9506328855244676,5,2021-06-22
France,2020-06-28,1.0831177041227955,1.3523518303109023,0.8156779344122671,1.2098128741037988,0.9547328488011032,5,2021-06-22
France,2020-06-29,1.0891594614340727,1.3593827876113798,0.8253111978622043,1.2182259386818233,0.9611019574179512,5,2021-06-22
France,2020-06-30,1.095339777138716,1.3606265059871046,0.835282899410914,1.2200117802175658,0.9690735553532556,5,2021-06-22
France,2020-07-01,1.1013050655473775,1.3608558213318096,0.8436539287752345,1.2245071446123894,0.9780737101467274,5,2021-06-22
France,2020-07-02,1.0967842863542234,1.3535164477317192,0.8410292851847128,1.217803304711,0.9756099620267648,5,2021-06-22
France,2020-07-03,1.0920116482708284,1.3473707957140817,0.8366948721109027,1.2125761255202885,0.9717673063592216,5,2021-06-22
France,2020-07-04,1.097485964559796,1.3484562620949194,0.845893942160175,1.2158694093381015,0.9792336513201124,5,2021-06-22
France,2020-07-05,1.1034987442151123,1.354362883673438,0.8546296537591705,1.220358577080996,0.9844478636215912,5,2021-06-22
France,2020-07-06,1.1104657426178357,1.359104304525223,0.8590207505321685,1.2292695837041885,0.9921681109532622,5,2021-06-22
France,2020-07-07,1.1183429115530543,1.3684841779011248,0.868055019938509,1.2386904816553566,0.9988895018776182,5,2021-06-22
France,2020-07-08,1.124144679136433,1.3727245966757289,0.8719112423762805,1.243003201836869,1.0062690303778636,5,2021-06-22
France,2020-07-09,1.1282488104558637,1.377940661717357,0.8754468822690022,1.2474858215524225,1.0101939574911842,5,2021-06-22
France,2020-07-10,1.1353373009236165,1.388364100090942,0.8798499921181305,1.253716237768352,1.0167424466749686,5,2021-06-22
France,2020-07-11,1.1470778855162582,1.4005854340752848,0.8937019469965297,1.2647255354298372,1.0268241701979521,5,2021-06-22
France,2020-07-12,1.1610116752886308,1.4120003469501872,0.9101112763456304,1.2787520742970502,1.0424443852027765,5,2021-06-22
France,2020-07-13,1.1741070727820289,1.4287426566584769,0.9242971340178588,1.292211248620506,1.0558575601569822,5,2021-06-22
France,2020-07-14,1.1815951767975772,1.4320360398163594,0.9321709439554006,1.29875204119433,1.063822109514892,5,2021-06-22
France,2020-07-15,1.1970421185426008,1.4461698481604277,0.945275793855167,1.314825068794161,1.0789939892920517,5,2021-06-22
France,2020-07-16,1.2128911224456695,1.4627127142021543,0.9635646069028396,1.3308255571869252,1.09427789468494,5,2021-06-22
France,2020-07-17,1.2325898239310649,1.4828138747558564,0.9836936472603804,1.3502225949516653,1.1141244601881717,5,2021-06-22
France,2020-07-18,1.2531618286343742,1.5043338316683277,1.003319753820159,1.3722894753545054,1.1350379526746932,5,2021-06-22
France,2020-07-19,1.2778426020363631,1.5307573911074763,1.0279164218214214,1.3955923465834714,1.1595999103255472,5,2021-06-22
France,2020-07-20,1.3020167510317358,1.5535387735578492,1.0517096923984306,1.421073556753444,1.183444611658557,5,2021-06-22
France,2020-07-21,1.3080140259530095,1.5606077825471911,1.0573240956975232,1.4266687011151884,1.189519037297535,5,2021-06-22
France,2020-07-22,1.3086630883581325,1.55925678637827,1.0577089723605224,1.428037515984938,1.189209043752686,5,2021-06-22
France,2020-07-23,1.3115417003226475,1.5614568698430809,1.0595201498771465,1.4307724244378068,1.191670710193943,5,2021-06-22
France,2020-07-24,1.3104730240958566,1.5626081015856466,1.0576558387904558,1.4303011945805286,1.1916063509283692,5,2021-06-22
France,2020-07-25,1.3143484230552664,1.5689979125777809,1.0620067897925125,1.4341909270608153,1.1933109889613762,5,2021-06-22
France,2020-07-26,1.3246526213724887,1.57874075257556,1.0717660970583325,1.4425857551496597,1.2055804877225775,5,2021-06-22
France,2020-07-27,1.3352826287744557,1.586328366621793,1.084952015239154,1.4527908888124257,1.2158375559015042,5,2021-06-22
France,2020-07-28,1.3379303053562734,1.5898085820451393,1.0898706151788038,1.455547973421961,1.2192118605650943,5,2021-06-22
France,2020-07-29,1.3376094428687595,1.5906532663935176,1.088118305250374,1.4541190097191623,1.2198073982619528,5,2021-06-22
France,2020-07-30,1.3349857422157512,1.5847047142988258,1.0859747530729824,1.4524052457059813,1.2168487858312942,5,2021-06-22
France,2020-07-31,1.3344610819231495,1.5832450736441983,1.0876691841740935,1.4517337476134942,1.2171946519667345,5,2021-06-22
France,2020-08-01,1.3413908099199028,1.589063387085329,1.093685566576803,1.4579538553553626,1.224224144995009,5,2021-06-22
France,2020-08-02,1.3561204469392198,1.6037490753497434,1.1105468874620243,1.472403221983071,1.2386048607338178,5,2021-06-22
France,2020-08-03,1.3731706806021566,1.6185122387045825,1.1279805172809825,1.4901052338853695,1.2568459752677814,5,2021-06-22
France,2020-08-04,1.3736667392809958,1.619713400626588,1.1257235480311156,1.4906295606408348,1.256450190951501,5,2021-06-22
France,2020-08-05,1.3693551437044358,1.6149207111854815,1.1219506528562846,1.4867843186597556,1.2521986090690271,5,2021-06-22
France,2020-08-06,1.3657199261291546,1.612349292981084,1.11627637071271,1.4831206372625854,1.2484163220302351,5,2021-06-22
France,2020-08-07,1.3680122464944005,1.6170878645831197,1.1185480761361386,1.4862489097785403,1.2512964260586688,5,2021-06-22
France,2020-08-08,1.3699065957249656,1.6182424650445717,1.1194438420947856,1.4878037416690415,1.2531896423805748,5,2021-06-22
France,2020-08-09,1.3826455554949757,1.6307751406186186,1.1344304625576294,1.5014100193988655,1.2662202802321527,5,2021-06-22
France,2020-08-10,1.4015827175700348,1.6523264411899798,1.1527472243946368,1.5182336547244042,1.2830629880723543,5,2021-06-22
France,2020-08-11,1.3923196405872589,1.6422495464132287,1.1459592185703755,1.5091682581095696,1.275638787293259,5,2021-06-22
France,2020-08-12,1.3813956288761746,1.6318965983237321,1.1353137230851256,1.4972430130932906,1.2646721641268999,5,2021-06-22
France,2020-08-13,1.368221297186916,1.6188911512886381,1.1213913543947542,1.4837541267990861,1.252210361962956,5,2021-06-22
France,2020-08-14,1.36029801873019,1.6086546440884462,1.1109457143854602,1.4767375636736304,1.244389338017821,5,2021-06-22
France,2020-08-15,1.3550293807028404,1.6030540549988266,1.1040847548093962,1.4715338122985078,1.2381996377685172,5,2021-06-22
France,2020-08-16,1.3388179915995608,1.586501290951134,1.089385331537975,1.4553888069703589,1.2212681283652365,5,2021-06-22
France,2020-08-17,1.3173428302654009,1.56334970383892,1.0643348545835456,1.4329397390173018,1.2017640212798482,5,2021-06-22
France,2020-08-18,1.3236783997506685,1.5681556879532548,1.0737182146019335,1.4410673293256038,1.2078205771362671,5,2021-06-22
France,2020-08-19,1.3322842267176167,1.5818689373153731,1.0843383782632179,1.4489963313108072,1.21559609250999,5,2021-06-22
France,2020-08-20,1.3310924616735271,1.5791458647298733,1.0817422333836444,1.4487421169335728,1.2147174069984918,5,2021-06-22
France,2020-08-21,1.3301657941321523,1.5789735102607092,1.0772271707883383,1.4475865140069215,1.2145453874013772,5,2021-06-22
France,2020-08-22,1.3252981473913934,1.5702100037095468,1.077899604659575,1.4412711350388605,1.2088361457252776,5,2021-06-22
France,2020-08-23,1.3193370081904563,1.56642693187756,1.0689438530680635,1.4367584093230548,1.202775287171275,5,2021-06-22
France,2020-08-24,1.3086048929944618,1.5548642861089848,1.0572122702182944,1.426253787631942,1.1910899666653472,5,2021-06-22
France,2020-08-25,1.310438783227574,1.5559315912204856,1.0603340253172018,1.4283175724236563,1.1937819561957188,5,2021-06-22
France,2020-08-26,1.3151745363772842,1.5628273445043273,1.064987726437154,1.4323767692407674,1.1971223229223358,5,2021-06-22
France,2020-08-27,1.3351255157392887,1.5859821323565098,1.085061888686924,1.4528991145915446,1.2170865153597399,5,2021-06-22
France,2020-08-28,1.3230363781564154,1.5729297112539058,1.0768912262205022,1.4400923556049567,1.2062648821771926,5,2021-06-22
France,2020-08-29,1.3054231023322032,1.5573990243778308,1.0579341031810925,1.422876245343646,1.1865731485305595,5,2021-06-22
France,2020-08-30,1.2869846271456051,1.5369470563289531,1.04203256977713,1.4051059922767897,1.1700825098755558,5,2021-06-22
France,2020-08-31,1.2706918765681203,1.5188104018136284,1.025542355424846,1.3874667799526792,1.1544128633428097,5,2021-06-22
France,2020-09-01,1.2608064289026255,1.5076602146679925,1.0149137311635659,1.3782073038550626,1.1440671697568128,5,2021-06-22
France,2020-09-02,1.2518563902933255,1.4980868500893303,1.0061044318494436,1.3709473645336137,1.1344521761796442,5,2021-06-22
France,2020-09-03,1.2392411848031846,1.4838015668969464,0.9927125830600232,1.3573248616074811,1.1213190960450554,5,2021-06-22
France,2020-09-04,1.2355631344178692,1.4829120212173377,0.9899023960334118,1.3536297786281168,1.1167500203078398,5,2021-06-22
France,2020-09-05,1.2291385232026804,1.4749006897251309,0.982857214749046,1.347008865181302,1.1115488074301518,5,2021-06-22
France,2020-09-06,1.2201182952194252,1.4664919387977462,0.9723657896481978,1.3395032025406493,1.1014018510579362,5,2021-06-22
France,2020-09-07,1.2097680559712518,1.4547203017936652,0.9629534802436908,1.3287879809313097,1.0912375393665328,5,2021-06-22
France,2020-09-08,1.2023473165127905,1.4511508220872535,0.9557372754153928,1.3190979260015097,1.0852348270757155,5,2021-06-22
France,2020-09-09,1.1953654219433758,1.4400299419899905,0.948088846101524,1.3125348422006111,1.07857876992928,5,2021-06-22
France,2020-09-10,1.18829557605488,1.4351971077967811,0.9396869681803862,1.3060558212830895,1.0711171796117307,5,2021-06-22
France,2020-09-11,1.1837637148443192,1.4315729656163136,0.935550996811816,1.3007148609950716,1.0661257059518159,5,2021-06-22
France,2020-09-12,1.1805300903618874,1.4296972970268644,0.9353475299818832,1.2974366511579074,1.0627063994096049,5,2021-06-22
France,2020-09-13,1.1749746058074182,1.4241394461846366,0.923405301124834,1.2930600151269471,1.057274498694578,5,2021-06-22
France,2020-09-14,1.1722405183916076,1.4239827854529672,0.9223952233737234,1.2907090886427628,1.053225980382991,5,2021-06-22
France,2020-09-15,1.1686411969460184,1.4172504162423871,0.9181878795506268,1.28684467224494,1.0495034508806436,5,2021-06-22
France,2020-09-16,1.1650813837754446,1.4109829493493835,0.9150363331895792,1.284427364062509,1.045532677302486,5,2021-06-22
France,2020-09-17,1.1619833592863131,1.4083747988831714,0.9130262799989076,1.2816716206917869,1.0435162442891306,5,2021-06-22
France,2020-09-18,1.1634991095945997,1.4109913945621675,0.9151173769747108,1.2822984368378223,1.045360340455627,5,2021-06-22
France,2020-09-19,1.1619981502247816,1.4124220796949905,0.9135250560477846,1.280136979673562,1.0425492560919254,5,2021-06-22
France,2020-09-20,1.1584220137997732,1.4097963914924556,0.9131926849390068,1.2765378649912358,1.040208190936502,5,2021-06-22
France,2020-09-21,1.1533638501143428,1.4026029372139672,0.9034453612055608,1.2717312339922715,1.0356649930625297,5,2021-06-22
France,2020-09-22,1.1501492462732643,1.3965001066306415,0.8989210619724536,1.2661836903350965,1.0317877263251072,5,2021-06-22
France,2020-09-23,1.1457621860295828,1.3939840294166197,0.9010839487166488,1.2619924819726915,1.0284104510317138,5,2021-06-22
France,2020-09-24,1.1412449891081575,1.3878795170810496,0.8934498609454675,1.2587041139468989,1.0219326580484511,5,2021-06-22
France,2020-09-25,1.1339629679216885,1.380839437821249,0.8844365243874079,1.2501659400974952,1.0169357908379142,5,2021-06-22
France,2020-09-26,1.1258820379924823,1.3750049732131728,0.8745344197249584,1.2417074297208042,1.008487427184116,5,2021-06-22
France,2020-09-27,1.1199239972350579,1.3657902808361242,0.8705485850493493,1.2376347574402409,1.0032114276190407,5,2021-06-22
France,2020-09-28,1.1160263335538343,1.3632014910070531,0.8670611824491641,1.2339679558341623,0.9998491464722938,5,2021-06-22
France,2020-09-29,1.1160834953821843,1.3610242627962112,0.8699111283221814,1.2332557543270717,1.0000974969060843,5,2021-06-22
France,2020-09-30,1.119912109485679,1.3653748512158022,0.8688113698716058,1.2370876603130792,1.0030162369481488,5,2021-06-22
France,2020-10-01,1.1237490335620726,1.3684733159787854,0.8710718044993528,1.2415754641652794,1.0071450151271977,5,2021-06-22
France,2020-10-02,1.1307457008255517,1.3773344934895833,0.8810987805252776,1.2474170504263182,1.0147457189372218,5,2021-06-22
France,2020-10-03,1.1411105733022775,1.3874918582900642,0.8893961674002128,1.2578588276522598,1.0251443509288622,5,2021-06-22
France,2020-10-04,1.1518629767876487,1.399069922130386,0.9036421087710018,1.2685582223645502,1.0357211781402804,5,2021-06-22
France,2020-10-05,1.162056123277578,1.4093955488574452,0.9110989861018504,1.2802804540309434,1.0450554914353318,5,2021-06-22
France,2020-10-06,1.1749739049692252,1.4216292758953386,0.92623874473437,1.291968873583623,1.0577879755847106,5,2021-06-22
France,2020-10-07,1.187468289480092,1.4334368337253582,0.939337020296142,1.305392430758228,1.0707610258359248,5,2021-06-22
France,2020-10-08,1.196493469526939,1.4444407001413149,0.9528381429523696,1.3143062904308216,1.0800084558230167,5,2021-06-22
France,2020-10-09,1.205307285767354,1.4543331765388303,0.959348399166888,1.3224536603169117,1.087559805475878,5,2021-06-22
France,2020-10-10,1.2110636602812206,1.4623297478195316,0.9653878864753952,1.3284572307538505,1.0935319695015149,5,2021-06-22
France,2020-10-11,1.2115354306512651,1.4583562410848034,0.968110808432819,1.3287749053826636,1.0946843363191,5,2021-06-22
France,2020-10-12,1.2131809730737864,1.4617097045455871,0.9678665538454868,1.3304201144295649,1.0971507773666738,5,2021-06-22
France,2020-10-13,1.2199247575946048,1.470249750245558,0.9737375700766306,1.3361178485590464,1.1034448542307045,5,2021-06-22
France,2020-10-14,1.2290915088018397,1.4777178063872038,0.9836761666174092,1.3464611045620138,1.1120209756197326,5,2021-06-22
France,2020-10-15,1.2369767325937857,1.4843346095528491,0.9916575384941272,1.3535360933370502,1.1194911429046448,5,2021-06-22
France,2020-10-16,1.2402765281368022,1.4895973069925204,0.9915436771393732,1.3578582693434,1.1232951858316695,5,2021-06-22
France,2020-10-17,1.2423449458790203,1.4926796678679335,0.9944995427045662,1.3600988606828268,1.1261917467624962,5,2021-06-22
France,2020-10-18,1.2435624629505957,1.4916999622467033,0.9975360742435416,1.361204049511005,1.126099313100811,5,2021-06-22
France,2020-10-19,1.2379131790396285,1.4855227975308722,0.9920591087029048,1.355547667594254,1.1203900355612242,5,2021-06-22
France,2020-10-20,1.2423392310353651,1.4887577373539762,0.992032468506424,1.359311473758107,1.1245446120758058,5,2021-06-22
France,2020-10-21,1.2481558967147812,1.4965363555054818,0.9965551855374076,1.3659160375894968,1.1304823991303496,5,2021-06-22
France,2020-10-22,1.255095829225203,1.5075638943948078,1.0010402228808717,1.3734928699060256,1.1369373179511189,5,2021-06-22
France,2020-10-23,1.2578056822135115,1.5134327452227565,1.0062131876360556,1.3775524056586277,1.1385567552949398,5,2021-06-22
France,2020-10-24,1.257148968127916,1.5153940570460198,1.0057649633079124,1.3766270064816386,1.1364391383686678,5,2021-06-22
France,2020-10-25,1.2547316062586455,1.5120110244885905,1.0030289471795013,1.3739081396488324,1.1349828729737226,5,2021-06-22
France,2020-10-26,1.2598291719680803,1.5193562550900823,1.0082156508861615,1.3798798506385157,1.1401579256918666,5,2021-06-22
France,2020-10-27,1.2465809702945776,1.504681188921408,0.9944522429465068,1.3663312153808167,1.1266888130876618,5,2021-06-22
France,2020-10-28,1.2328324486355065,1.4861731872815795,0.9781946912612728,1.3521211328340357,1.1142830075451298,5,2021-06-22
France,2020-10-29,1.2239427971996149,1.4811524749462066,0.9734997941585533,1.3424783786276118,1.1036541462231748,5,2021-06-22
France,2020-10-30,1.2181848018889896,1.4767250640911251,0.9638826546552508,1.3390737622173985,1.0967083390699481,5,2021-06-22
France,2020-10-31,1.2131388360777018,1.4748498310615077,0.9588621344981136,1.3353955442767913,1.0916050719120711,5,2021-06-22
France,2020-11-01,1.2166315899766482,1.4828624030304756,0.9607751189682254,1.3416274073696268,1.0921618419815753,5,2021-06-22
France,2020-11-02,1.2123942027911163,1.4857488497708062,0.9513017368566524,1.3403911524933083,1.0853389693015734,5,2021-06-22
France,2020-11-03,1.1875997299023795,1.4611045527595137,0.9234023793007649,1.3157385560857515,1.0595601106950756,5,2021-06-22
France,2020-11-04,1.1545767496366668,1.431114820543794,0.8862201691184987,1.2826679958262155,1.0265188398548777,5,2021-06-22
France,2020-11-05,1.1231449283179633,1.397350939878972,0.8530004198048385,1.2506865700382923,0.9966182208992236,5,2021-06-22
France,2020-11-06,1.0915955069773409,1.3576181570987882,0.8297550691755697,1.2178339647552603,0.9676613865429528,5,2021-06-22
France,2020-11-07,1.0576906880178352,1.3189806187908248,0.7946476313588103,1.1807130176732366,0.9346882984051572,5,2021-06-22
France,2020-11-08,1.0143391084006486,1.2705819492254842,0.7560186297131909,1.1355784959912327,0.8920211497206247,5,2021-06-22
France,2020-11-09,0.9725883930604828,1.2261624420805293,0.7123254045757772,1.0939886474802891,0.8525184198535414,5,2021-06-22
France,2020-11-10,0.9400044438236448,1.1905863424240948,0.6810683903858447,1.0617165805722395,0.8197352517743848,5,2021-06-22
France,2020-11-11,0.9155433948361421,1.1657926616407126,0.6575527870053846,1.0369251711173413,0.7946174694323016,5,2021-06-22
France,2020-11-12,0.8947522521635695,1.1471928667604816,0.6331905087710755,1.0162061372547888,0.7730569865741468,5,2021-06-22
France,2020-11-13,0.8778814558271298,1.130217228839722,0.6192502988556794,0.999581532431979,0.7566958710644937,5,2021-06-22
France,2020-11-14,0.8671861353881609,1.1207369328309214,0.6082281757295017,0.9881037575839794,0.7455364059610599,5,2021-06-22
France,2020-11-15,0.8585605920565268,1.1096837754172646,0.604141720934124,0.978861800095198,0.7377796447764069,5,2021-06-22
France,2020-11-16,0.8483686638798276,1.0990386275000947,0.5946097044587014,0.9674832630619408,0.7282013294838592,5,2021-06-22
France,2020-11-17,0.8417742257671621,1.091245647658185,0.5894354683150642,0.9587031334153964,0.7249874288297019,5,2021-06-22
France,2020-11-18,0.8244001623345447,1.0725006786892504,0.5692382760764156,0.9425810933910219,0.7071751640316237,5,2021-06-22
France,2020-11-19,0.8078687922856789,1.0561842449621504,0.5532795050398195,0.9258849319893372,0.6893265684662321,5,2021-06-22
France,2020-11-20,0.7963070048583216,1.0480755939032351,0.54080791540343,0.9163069056396168,0.6780882918816774,5,2021-06-22
France,2020-11-21,0.7853325762550439,1.0346383845011695,0.5317962961081559,0.9053729898608048,0.6657610476351594,5,2021-06-22
France,2020-11-22,0.7788546214958169,1.027168759648179,0.5240543551322353,0.8995847745891097,0.6578967362046441,5,2021-06-22
France,2020-11-23,0.7749619006147023,1.0221306399587842,0.5196355665484749,0.8947230923740916,0.6537558192804725,5,2021-06-22
France,2020-11-24,0.7732950078942787,1.0229539959145335,0.5145216268615966,0.8934578657968548,0.6532300824254887,5,2021-06-22
France,2020-11-25,0.7778931485897802,1.0280716743609788,0.519199603315549,0.8966913023212661,0.6593419687620026,5,2021-06-22
France,2020-11-26,0.7856646636100216,1.034369167698467,0.5303834486809939,0.9040418331954012,0.6677487443853534,5,2021-06-22
France,2020-11-27,0.7959623849177779,1.0429589059841853,0.5387661373407318,0.9143361737184696,0.6780640738242858,5,2021-06-22
France,2020-11-28,0.8080891565217683,1.0571273827861891,0.5516915697132487,0.9257505074455878,0.6908873562884132,5,2021-06-22
France,2020-11-29,0.8217326796836977,1.066081086202797,0.5694732682129684,0.9403475746870812,0.7037654483389018,5,2021-06-22
France,2020-11-30,0.8366075428858372,1.0825865802226198,0.5836179701535785,0.9538502238297952,0.7194296053998888,5,2021-06-22
France,2020-12-01,0.8510298642702483,1.0964629772077004,0.6001354647368042,0.9667789024715824,0.7336266908237163,5,2021-06-22
France,2020-12-02,0.8693540417679776,1.112866794634855,0.6212038617884255,0.9854145329072652,0.7528773147955576,5,2021-06-22
France,2020-12-03,0.8875135102093415,1.1331160521907444,0.6373345088687934,1.0038879933839264,0.7699358793773939,5,2021-06-22
France,2020-12-04,0.9056094245012212,1.1507688773781368,0.6584381691549992,1.0227227453966958,0.7889870054235186,5,2021-06-22
France,2020-12-05,0.9234797517635196,1.173125834803623,0.6776334132884169,1.0395021098839916,0.8063618943836109,5,2021-06-22
France,2020-12-06,0.93982217357888,1.1867921539109434,0.6947465568623283,1.0566899158434429,0.8229274956727495,5,2021-06-22
France,2020-12-07,0.9542217996432718,1.2022714824043779,0.7091505556927339,1.0707202640242244,0.8364915588488022,5,2021-06-22
France,2020-12-08,0.9694188789238092,1.2162455050783612,0.7251969303403021,1.086180704926116,0.8536568324894475,5,2021-06-22
France,2020-12-09,0.9794077385304076,1.2302732621579748,0.7323446503785538,1.095140164046732,0.863683800975633,5,2021-06-22
France,2020-12-10,0.9895804095936648,1.2377534483984451,0.7437922703779933,1.1042121743260864,0.8728470874323816,5,2021-06-22
France,2020-12-11,1.000444694304913,1.2502981059830909,0.7552134728117581,1.11743542617321,0.8833371814991385,5,2021-06-22
France,2020-12-12,1.0104201863743285,1.2570945515514298,0.7645639337140996,1.1271729323641189,0.8935382353442584,5,2021-06-22
France,2020-12-13,1.0175832663306157,1.2651001879945842,0.7674362082375286,1.1339653640097749,0.9010919607082628,5,2021-06-22
France,2020-12-14,1.0238588529145418,1.2709821749840535,0.7726329708394108,1.1400010709850037,0.9083228209880256,5,2021-06-22
France,2020-12-15,1.0326187816007857,1.2797195444760945,0.7803043630332069,1.1490221349773837,0.9168118622452952,5,2021-06-22
France,2020-12-16,1.0408696489780884,1.286103255035368,0.7909491950980124,1.1574955207546669,0.9238981221310072,5,2021-06-22
France,2020-12-17,1.046976057179508,1.2968530053501532,0.7956432636018984,1.163367598009433,0.928536377199976,5,2021-06-22
France,2020-12-18,1.0504710005604383,1.2978336394893102,0.8005326629736111,1.1672630778333282,0.9332520183290364,5,2021-06-22
France,2020-12-19,1.0525162173083062,1.2997324984694658,0.803304965723035,1.1698613288754984,0.9349146504051318,5,2021-06-22
France,2020-12-20,1.0498140956417472,1.2961561656500955,0.8023228105857234,1.1665244700564357,0.9334992556902632,5,2021-06-22
France,2020-12-21,1.0452800667738118,1.2943400493632358,0.7965515361407668,1.1616179551340444,0.9289405155752001,5,2021-06-22
France,2020-12-22,1.0403976426693975,1.2865888376366823,0.7925283934260493,1.1568668926037318,0.9240854453536376,5,2021-06-22
France,2020-12-23,1.0395620254911082,1.2861389523988564,0.7944307023729371,1.1564636177833396,0.9229836012553616,5,2021-06-22
France,2020-12-24,1.0442873356294529,1.2906581974156621,0.7970003068467286,1.1606607266019484,0.9285883806719056,5,2021-06-22
France,2020-12-25,1.0436190702368628,1.2913633264302702,0.7954582341245079,1.1597660002076469,0.9263228206345274,5,2021-06-22
France,2020-12-26,1.0413604833787795,1.287067668296614,0.7928415129311763,1.1585824466873875,0.9238092590031086,5,2021-06-22
France,2020-12-27,1.0482976018925914,1.2956725338225121,0.7964186280082196,1.1663417669726797,0.9300598430925242,5,2021-06-22
France,2020-12-28,1.0596423339086842,1.3092045554950107,0.8121282288314341,1.1783476016715464,0.9412609404047906,5,2021-06-22
France,2020-12-29,1.072989905628625,1.3208352699061312,0.8270109199683175,1.1915178314251182,0.9539609244339872,5,2021-06-22
France,2020-12-30,1.0870051798192122,1.3389625865443258,0.8412704202121487,1.2050110117008674,0.9673325886205264,5,2021-06-22
France,2020-12-31,1.087911583104482,1.338151639249639,0.8400558932206307,1.2057380837984937,0.968255832062058,5,2021-06-22
France,2021-01-01,1.0874062372286897,1.3370002218437516,0.843733310298274,1.204625987882975,0.9691500938458966,5,2021-06-22
France,2021-01-02,1.0867519775761625,1.3382973202384685,0.8422821528538775,1.2040186846672698,0.967895028316066,5,2021-06-22
France,2021-01-03,1.0962832689076842,1.34563643271095,0.8514405940130959,1.2134563906895226,0.9787725808765454,5,2021-06-22
France,2021-01-04,1.1054960824753235,1.353925229148405,0.8571965345624528,1.2235029108924194,0.9876931560928146,5,2021-06-22
France,2021-01-05,1.1146737058209024,1.3673342868398484,0.8683612185282301,1.2329577795704976,0.9967221965659716,5,2021-06-22
France,2021-01-06,1.115454763639952,1.3655025352101735,0.8674655070721417,1.2327125972565858,0.9979229043175636,5,2021-06-22
France,2021-01-07,1.1133528457404436,1.3624678086810875,0.8662913036742692,1.2306114897824494,0.9953215661168724,5,2021-06-22
France,2021-01-08,1.1093876127976012,1.3622222398136297,0.860417162008864,1.226906641383264,0.9917490283629402,5,2021-06-22
France,2021-01-09,1.1064969545187562,1.3559243581421456,0.8567427637912041,1.2243060054613617,0.9877680663675154,5,2021-06-22
France,2021-01-10,1.1004256659498537,1.346634281290929,0.8547866500216392,1.2184408489216163,0.9805489588547526,5,2021-06-22
France,2021-01-11,1.0952980641652037,1.3431703857944264,0.8451066126925809,1.2138036381901638,0.9769002976699024,5,2021-06-22
France,2021-01-12,1.0894761343691932,1.33713290844666,0.8389889613976288,1.2076863732598295,0.9710956669183104,5,2021-06-22
France,2021-01-13,1.0859514736788118,1.3319782204862585,0.8359239748084873,1.2029756715179465,0.9672919992629868,5,2021-06-22
France,2021-01-14,1.084027192778578,1.332306389089288,0.8349984320008079,1.2017568014130804,0.96608616836764,5,2021-06-22
France,2021-01-15,1.0825920465099157,1.3312818448849728,0.8337594715623702,1.1997227797737169,0.962582105956096,5,2021-06-22
France,2021-01-16,1.0822888626359826,1.3322867432085763,0.8313846082507226,1.1990834553513168,0.9643558062005062,5,2021-06-22
France,2021-01-17,1.0803651813948765,1.3262808034182594,0.8295556775837825,1.1983855800814571,0.962496501428058,5,2021-06-22
France,2021-01-18,1.078366332054407,1.3274425552133648,0.8271965448584979,1.1973780158080882,0.9596136620935632,5,2021-06-22
France,2021-01-19,1.0764613136037564,1.324485690420071,0.8260447968346853,1.195303503069656,0.9584735594255752,5,2021-06-22
France,2021-01-20,1.072813344817613,1.320856028740939,0.8214475899413132,1.1911317192148347,0.9543269953068886,5,2021-06-22
France,2021-01-21,1.0696408933383188,1.3182346271723369,0.8205752483837894,1.186999689906857,0.9523378107937492,5,2021-06-22
France,2021-01-22,1.065616298531255,1.3133306090249668,0.8177328758033351,1.1837908297451485,0.9484651106630816,5,2021-06-22
France,2021-01-23,1.0634846922598689,1.3117055447376056,0.8187283408158406,1.180155183746712,0.9456127198727542,5,2021-06-22
France,2021-01-24,1.0593948682465508,1.3054436484544842,0.8132456237169683,1.17770307748285,0.9432051550711668,5,2021-06-22
France,2021-01-25,1.0549531626955624,1.3002226482832826,0.8101568596086105,1.1719257792581608,0.9392398177151676,5,2021-06-22
France,2021-01-26,1.05130588986714,1.2976604614573042,0.8059999469360861,1.1671828603339185,0.9357465470267281,5,2021-06-22
France,2021-01-27,1.049292433097647,1.295819366498314,0.8022155432135379,1.1657168392140491,0.9336303273494201,5,2021-06-22
France,2021-01-28,1.0476448104663798,1.2907079014931961,0.8009158683446096,1.1647483030095491,0.930602185358824,5,2021-06-22
France,2021-01-29,1.042696748528249,1.2876142887381727,0.7951456046271328,1.1595586288462871,0.9239244134839208,5,2021-06-22
France,2021-01-30,1.0426734109169895,1.2888311175714662,0.7952516363144114,1.1587402799826525,0.9250045118790152,5,2021-06-22
France,2021-01-31,1.0412703463907371,1.292330164133252,0.7941184730395907,1.1580785897046009,0.9241965327542824,5,2021-06-22
France,2021-02-01,1.0393552635473544,1.2891286271406397,0.7857186468036598,1.15693415100813,0.9221002225945744,5,2021-06-22
France,2021-02-02,1.0368418130913992,1.2863820403945343,0.7892977917860929,1.1524507097062358,0.9203093064369956,5,2021-06-22
France,2021-02-03,1.0346637521241897,1.2842847869716674,0.7883960824131098,1.15139965413083,0.9180885218746576,5,2021-06-22
France,2021-02-04,1.0359114525034827,1.284116288171412,0.7875183968213421,1.1530804809444064,0.9189434036303252,5,2021-06-22
France,2021-02-05,1.0497407177358415,1.301189769015997,0.8034103018087102,1.1665937236866322,0.9323874956483956,5,2021-06-22
France,2021-02-06,1.0442814352339884,1.2935729202443078,0.7957157925899057,1.1618047378627625,0.9261260916167028,5,2021-06-22
France,2021-02-07,1.039042565543068,1.2849677192750546,0.7892762779345235,1.1575522653439616,0.9216637311598384,5,2021-06-22
France,2021-02-08,1.0327524252371187,1.2844656836757888,0.7837127712916792,1.1519324087089289,0.9143801077487984,5,2021-06-22
France,2021-02-09,1.026488895887214,1.2779991806545428,0.7766479413135636,1.144190736430605,0.908637622974312,5,2021-06-22
France,2021-02-10,1.0235849711487048,1.271907346243704,0.7718052660580454,1.1414889760128566,0.9059470823586724,5,2021-06-22
France,2021-02-11,1.022582792248107,1.2740571212635468,0.7711103949541902,1.1405887977621894,0.9043508432280412,5,2021-06-22
France,2021-02-12,1.0198107777254108,1.266481208349364,0.76782592445458,1.1374838665857252,0.902946627954728,5,2021-06-22
France,2021-02-13,1.0227088414130938,1.2686766235150426,0.7733180591003999,1.139377750111157,0.9055348313309436,5,2021-06-22
France,2021-02-14,1.0256368607456692,1.271809341302991,0.773350140225683,1.1425618126543842,0.9094561285179434,5,2021-06-22
France,2021-02-15,1.0303457722635514,1.2741873339318843,0.7822450499269249,1.1473513117318492,0.913866579273658,5,2021-06-22
France,2021-02-16,1.0345702989099188,1.2828723887100866,0.7876520764433421,1.1503955058711814,0.9173521074960156,5,2021-06-22
France,2021-02-17,1.0385069908322404,1.2875531228307426,0.7904269159642598,1.1551322780435789,0.9217608966073492,5,2021-06-22
France,2021-02-18,1.04255702573807,1.2907441474540342,0.7942351105477099,1.158825728370266,0.9262642508142236,5,2021-06-22
France,2021-02-19,1.045695328869864,1.2904627795282566,0.8000592502204493,1.1619606045601012,0.930313421483967,5,2021-06-22
France,2021-02-20,1.0485651629411914,1.297811897607485,0.8015264905562892,1.1639583697169498,0.9322111916437508,5,2021-06-22
France,2021-02-21,1.0511693600140288,1.3020535694428297,0.807576064246928,1.167413886228232,0.9329825843182784,5,2021-06-22
France,2021-02-22,1.0525337131864894,1.2989145185236488,0.807203196694631,1.16968514681298,0.9345875852012488,5,2021-06-22
France,2021-02-23,1.0538798826711702,1.3039064168534114,0.8067523533040475,1.1713083870036327,0.9373541215374912,5,2021-06-22
France,2021-02-24,1.0564197514217162,1.3041126951903914,0.8114156542658107,1.17445472170956,0.9385953491300679,5,2021-06-22
France,2021-02-25,1.0548169426152094,1.3018058170146372,0.8103010163546999,1.17158059855585,0.9362424425459837,5,2021-06-22
France,2021-02-26,1.0532226569278662,1.2998820270377915,0.8072891363155357,1.1694068320726192,0.9360382057604928,5,2021-06-22
France,2021-02-27,1.0515995148220183,1.300479817480562,0.8039532282808176,1.1665448518818398,0.9337742664685998,5,2021-06-22
France,2021-02-28,1.0504003807311597,1.2976144724231025,0.8024778269016012,1.1665457862928277,0.9337351632170268,5,2021-06-22
France,2021-03-01,1.0507482597844962,1.297279658518049,0.8018164171660704,1.167509750000458,0.9344066518952221,5,2021-06-22
France,2021-03-02,1.0513204580288498,1.2978022655113215,0.8024864616233499,1.1677315083224955,0.9344746083745912,5,2021-06-22
France,2021-03-03,1.0515323154812355,1.299846446501562,0.8033102991276279,1.1683787554976377,0.9337788134898952,5,2021-06-22
France,2021-03-04,1.05386894408582,1.302918824643635,0.8042184093684202,1.1693693606717586,0.9376397809949308,5,2021-06-22
France,2021-03-05,1.0579700745382383,1.3041933773982692,0.8076650194834503,1.1736947998839846,0.9414694383920602,5,2021-06-22
France,2021-03-06,1.0633427667451991,1.3108831426831788,0.8133241368508244,1.1813211644749186,0.9465151698456804,5,2021-06-22
France,2021-03-07,1.0690505185966148,1.3164556832972982,0.8186656009868952,1.185631444508529,0.9524223801073298,5,2021-06-22
France,2021-03-08,1.0746750189210823,1.3197340793928736,0.8268348445958169,1.1915542758873818,0.9591922626336156,5,2021-06-22
France,2021-03-09,1.0817715265400707,1.3276559513743031,0.8352998710819095,1.198741828446474,0.9660428146368836,5,2021-06-22
France,2021-03-10,1.0876905175976856,1.3389922692298095,0.8416884705214569,1.204776367297473,0.9695085076538676,5,2021-06-22
France,2021-03-11,1.094773712284652,1.3470302436533377,0.8465529237316212,1.2111357191891714,0.9761997928664576,5,2021-06-22
France,2021-03-12,1.1014061530554016,1.3540669107194294,0.8528819860668213,1.2185492301669023,0.9828655236350388,5,2021-06-22
France,2021-03-13,1.109393451947228,1.3619470119622157,0.8623745736649788,1.2256592954119658,0.9912322034747978,5,2021-06-22
France,2021-03-14,1.1150205899843184,1.3664360466125989,0.8650753176980046,1.2335465988422811,0.9970477052676382,5,2021-06-22
France,2021-03-15,1.1216993561678086,1.3736404821761934,0.8716564717028971,1.2396089816294984,1.004403139182338,5,2021-06-22
France,2021-03-16,1.1302130738445328,1.3834931703370166,0.8784851192053829,1.2484223045795528,1.0124696207034158,5,2021-06-22
France,2021-03-17,1.1314773446421729,1.3843112157876032,0.8793658803962022,1.2482058776779936,1.0135094407369971,5,2021-06-22
France,2021-03-18,1.1344553895018432,1.3870509244330071,0.8825950823870468,1.2530225301967692,1.0169131288627715,5,2021-06-22
France,2021-03-19,1.138201253452145,1.3932215946435955,0.8871228498402687,1.2579323869598509,1.0181434374277696,5,2021-06-22
France,2021-03-20,1.1387761223767108,1.389625139088651,0.8873717143983354,1.2577848909432148,1.0201946236452568,5,2021-06-22
France,2021-03-21,1.136939648525641,1.3878140050197212,0.8872624619896533,1.2552494557211165,1.0180751289520151,5,2021-06-22
France,2021-03-22,1.1403976893281031,1.3940836406829653,0.8917893429918143,1.258932482329905,1.022755567112372,5,2021-06-22
France,2021-03-23,1.1419747274311522,1.3932946631416216,0.8909139995466339,1.2599198452315843,1.024129187470999,5,2021-06-22
France,2021-03-24,1.149034044229924,1.397597326143554,0.8985222631811215,1.2654239636149045,1.0319193061006542,5,2021-06-22
France,2021-03-25,1.1418694583099458,1.3899737900305549,0.8916465345129915,1.2602390115788122,1.024743630430457,5,2021-06-22
France,2021-03-26,1.1356381550860242,1.3819298989405595,0.8833821847721646,1.2545528793154443,1.0187797179834168,5,2021-06-22
France,2021-03-27,1.1280122677716984,1.377575119880792,0.8765965668700852,1.2447903793035948,1.0110535511072711,5,2021-06-22
France,2021-03-28,1.1147961123191017,1.3640305071398393,0.8651077369356107,1.2332891675375244,0.996444351633497,5,2021-06-22
France,2021-03-29,1.1127751807261617,1.3638405961385842,0.8619447016051832,1.2315927069700388,0.9937401864385084,5,2021-06-22
France,2021-03-30,1.1131144226261704,1.3650295651828657,0.8647423579550491,1.2314644840696871,0.9934158166348636,5,2021-06-22
France,2021-03-31,1.1114271388143953,1.3641954917518166,0.8646354677835809,1.2305866297814954,0.9930541793194152,5,2021-06-22
France,2021-04-01,1.1030852828725808,1.3551226468966224,0.8541356754653736,1.2210097467343648,0.9853697336746072,5,2021-06-22
France,2021-04-02,1.101868082911334,1.3522710258634147,0.8523872256159489,1.2198226748233831,0.984930337191223,5,2021-06-22
France,2021-04-03,1.0966165237976924,1.3465713167524744,0.8446768065630751,1.2144118516173985,0.9779885310472104,5,2021-06-22
France,2021-04-04,1.0997075440455428,1.345788371451946,0.8487269446263646,1.2186235769578455,0.9821927270092492,5,2021-06-22
France,2021-04-05,1.0965506348700809,1.3442908129624076,0.8446366784375373,1.2149146750236677,0.978697007796905,5,2021-06-22
France,2021-04-06,1.093005277022397,1.3398793922057737,0.8438423715146045,1.2115401344890404,0.9759749621701712,5,2021-06-22
France,2021-04-07,1.1024040834039674,1.3487096413992734,0.8511704561107178,1.2209981765530635,0.985340672360964,5,2021-06-22
France,2021-04-08,1.1294743986784048,1.382415259647184,0.8781278727078891,1.2479384334787014,1.011029883747414,5,2021-06-22
France,2021-04-09,1.1269834771377605,1.3787513635266728,0.8766698468344488,1.2452509951730473,1.0085152915245248,5,2021-06-22
France,2021-04-10,1.1367615646277955,1.3925791492061348,0.8815126344089431,1.2565596661877232,1.0160633995019932,5,2021-06-22
France,2021-04-11,1.1525330419959008,1.4114525580710968,0.8992582896968032,1.27386395158836,1.0300482773130564,5,2021-06-22
France,2021-04-12,1.1272047882860192,1.3830865411676183,0.8756486509183341,1.2470340062785363,1.0076833853914593,5,2021-06-22
France,2021-04-13,1.0982528972307557,1.351850065145737,0.8485521008618592,1.2169873339433082,0.979137570204444,5,2021-06-22
France,2021-04-14,1.0699653496791546,1.3201356135641389,0.8233648158447551,1.1871836786935763,0.9509208539234828,5,2021-06-22
France,2021-04-15,1.042088258355866,1.2919024838050073,0.7946101865390719,1.1597946660095628,0.9236137551683544,5,2021-06-22
France,2021-04-16,1.0268139671433576,1.2759439320683543,0.7792484284460945,1.1436933734056791,0.9097667033714636,5,2021-06-22
France,2021-04-17,1.0095747154297374,1.2576383326299236,0.7618072016817042,1.1262249732409837,0.8926059876182035,5,2021-06-22
France,2021-04-18,0.987845578017859,1.2377766651862874,0.7370055527622829,1.1050266161031579,0.8718893146775368,5,2021-06-22
France,2021-04-19,0.9809589343947324,1.2279520702283409,0.7312072090695327,1.0982564359670637,0.8627971190337671,5,2021-06-22
France,2021-04-20,0.9729098575146874,1.226032171798017,0.723796609941991,1.0901133437535655,0.8545748346802582,5,2021-06-22
France,2021-04-21,0.9581299490102836,1.2083131950370043,0.7079328414773977,1.0756934639018472,0.8412228990656943,5,2021-06-22
France,2021-04-22,0.9444059525057216,1.1921278695343709,0.6939264961787899,1.0628974281459609,0.8262961307233377,5,2021-06-22
France,2021-04-23,0.9367675233686972,1.182641919598675,0.6888946540163582,1.0550896645178114,0.8184403973385798,5,2021-06-22
France,2021-04-24,0.9270887030088664,1.1763928784378073,0.6786476354327453,1.0450989153335388,0.8088206004884393,5,2021-06-22
France,2021-04-25,0.9148565093488096,1.1600477176281945,0.6646246511337492,1.0342416339289149,0.7974312024820217,5,2021-06-22
France,2021-04-26,0.9082763685526146,1.1567110122312223,0.6585892230988301,1.0267213168867009,0.7893628928657281,5,2021-06-22
France,2021-04-27,0.9010101445364168,1.1459155971935666,0.6498715029784897,1.0207384655444267,0.7816655031916366,5,2021-06-22
France,2021-04-28,0.8932927622495601,1.1382881939837812,0.6434419984953978,1.0120351437078925,0.7746446591531009,5,2021-06-22
France,2021-04-29,0.8862680369242161,1.1317975537959388,0.6339203369705375,1.0053312300858237,0.7688178826561815,5,2021-06-22
France,2021-04-30,0.8816385783122909,1.1307025020990678,0.6306245190141478,0.9994334913904632,0.7632431385209799,5,2021-06-22
France,2021-05-01,0.8758431555885227,1.1245033147539958,0.6271056452876964,0.9933211352340162,0.7574640579313129,5,2021-06-22
France,2021-05-02,0.8712655752174989,1.117457114496568,0.6205032764877616,0.9884742680573744,0.7536621605768083,5,2021-06-22
France,2021-05-03,0.8725267919824959,1.1161670827980252,0.6244400085673265,0.9906893622270316,0.7557006690079435,5,2021-06-22
France,2021-05-04,0.8754693465437797,1.1229048876516543,0.6253239327298709,0.9931526555745446,0.7581906670258839,5,2021-06-22
France,2021-05-05,0.8762982081038411,1.121663573693373,0.6263434715855728,0.994104722472418,0.7597452592176647,5,2021-06-22
France,2021-05-06,0.8749600765066942,1.1219922118705026,0.6247531754503639,0.9921127379363356,0.7576126169692795,5,2021-06-22
France,2021-05-07,0.8748825745209899,1.1234973295061768,0.6249450268557075,0.992167004815796,0.7578106153915659,5,2021-06-22
France,2021-05-08,0.8741813205440296,1.123164297538634,0.625478818846328,0.9916930469953342,0.7565368004685893,5,2021-06-22
France,2021-05-09,0.8731541369591602,1.12237228420449,0.626712705340805,0.9897747093493195,0.7558133444776967,5,2021-06-22
France,2021-05-10,0.8761702631982193,1.12808538953908,0.6294441220464251,0.993886005305678,0.7584209197386451,5,2021-06-22
France,2021-05-11,0.8800770836613666,1.1330948888479369,0.6341013679527738,0.9979882997787772,0.7614088326793164,5,2021-06-22
France,2021-05-12,0.8808426235415249,1.1345415628029454,0.631523047762933,0.9994238142304148,0.7619844683634385,5,2021-06-22
France,2021-05-13,0.8799357491444519,1.132033678409625,0.6274794964710031,0.9995282798755344,0.7614244434031119,5,2021-06-22
France,2021-05-14,0.8807616667716371,1.1321513971946726,0.6271240174427961,1.0011105894106174,0.7612494607393914,5,2021-06-22
France,2021-05-15,0.8879110582646317,1.1398094911168717,0.6333278954583484,1.0084787817963723,0.7685189164375296,5,2021-06-22
France,2021-05-16,0.894868501392373,1.1509050585667175,0.638847833527848,1.0160605304445118,0.7750336652815168,5,2021-06-22
France,2021-05-17,0.8997685048385021,1.1594846896256197,0.6384526723628468,1.023663972650003,0.7778545703497888,5,2021-06-22
France,2021-05-18,0.9040682909712492,1.1655880179724551,0.6391173233984339,1.028646201465309,0.7795504700034837,5,2021-06-22
France,2021-05-19,0.9035348764076879,1.1702663004725649,0.6331423297543664,1.0283332321603922,0.7789804760204645,5,2021-06-22
France,2021-05-20,0.9000604594583161,1.1715343619973109,0.627423861617106,1.0260884207754766,0.7719959041610478,5,2021-06-22
France,2021-05-21,0.8963321598778375,1.1674175440276229,0.6253902781602636,1.0249435506904063,0.7684814435529029,5,2021-06-22
France,2021-05-22,0.8920081424340971,1.159020202289453,0.6222926812084003,1.0186804672619478,0.7656059822341916,5,2021-06-22
France,2021-05-23,0.8876442015526107,1.1482139970422025,0.6219305722112888,1.012994425180677,0.7644963945232173,5,2021-06-22
France,2021-05-24,0.8832162027461856,1.143202491235625,0.6186493407444821,1.0072502035563946,0.7592650693494336,5,2021-06-22
France,2021-05-25,0.8792586112897053,1.1403353391462088,0.6201603317513955,1.0022097733854392,0.7570809241266534,5,2021-06-22
France,2021-05-26,0.8855473013357875,1.140925031140924,0.6281325433968685,1.0081192815408768,0.7636704251578873,5,2021-06-22
France,2021-05-27,0.8859457579902664,1.1413472729930552,0.6297489819427375,1.00719791158853,0.7653738508191406,5,2021-06-22
France,2021-05-28,0.8838152427840693,1.1377618812436814,0.6290840273052976,1.0047574153916288,0.7643821678764678,5,2021-06-22
France,2021-05-29,0.8760337555540152,1.1285470950748628,0.6219485780114461,0.9945188539339992,0.7577835926168862,5,2021-06-22
France,2021-05-30,0.8650407025008624,1.1180732988373625,0.6117936738571831,0.9839498195082284,0.7473051171026035,5,2021-06-22
France,2021-05-31,0.8535072089665436,1.1063138593992798,0.6064193443776142,0.9717444199179708,0.7364480566615107,5,2021-06-22
France,2021-06-01,0.8440265858483479,1.0961976367572868,0.5961828742478255,0.962175311690636,0.7265431503899344,5,2021-06-22
France,2021-06-02,0.8321578862018376,1.0833890601241831,0.5831677298957889,0.9498823592164592,0.7149144907449736,5,2021-06-22
France,2021-06-03,0.8319955638005212,1.083945401274278,0.5847032421758461,0.9488718545003187,0.7143685465462861,5,2021-06-22
France,2021-06-04,0.8177627431246883,1.0670605171720635,0.5701180051665629,0.9349012931111618,0.6988875968459449,5,2021-06-22
France,2021-06-05,0.8035808550877747,1.0543278403151866,0.5555441432711682,0.9214638110723896,0.6848553378726875,5,2021-06-22
France,2021-06-06,0.7904843192126655,1.0439808150495216,0.5419090372650062,0.9094709468082359,0.6710406997353882,5,2021-06-22
France,2021-06-07,0.7777810445144799,1.030221320682422,0.5245052167364547,0.8967579336016641,0.6585745484038776,5,2021-06-22
France,2021-06-08,0.7649665223914012,1.019810356476318,0.510322437119159,0.8848687319479849,0.6436233456030356,5,2021-06-22
France,2021-06-09,0.7521837881094577,1.005955791467448,0.4957868485758716,0.8729036683097469,0.6309973953559431,5,2021-06-22
France,2021-06-10,0.7374258673879387,0.9939558847458732,0.4784864338447691,0.8599813913680261,0.6143997315710577,5,2021-06-22
France,2021-06-11,0.729818809648444,0.9846272168385242,0.4697759336801469,0.8531323384922573,0.6091147179038414,5,2021-06-22
France,2021-06-12,0.7249610300793288,0.9850094764180954,0.4615012521757148,0.8486459669879622,0.6017018237197846,5,2021-06-22
France,2021-06-13,0.7208067949893726,0.984362930424249,0.4553218843078576,0.8464251430638461,0.5962508407351726,5,2021-06-22
France,2021-06-14,0.7167400024165411,0.9876336778940312,0.4477549924153388,0.8439192950016563,0.5898311497565483,5,2021-06-22
France,2021-06-15,0.7123291225182092,0.9870792462969114,0.4375231806309914,0.841534937948811,0.5827714814220593,5,2021-06-22
France,2021-06-16,0.7081386845663575,0.9929576374982952,0.4245294455136369,0.8424297011824244,0.5733364423791307,5,2021-06-22
France,2021-06-17,0.7050247220772327,0.9990967225854244,0.4079243736394204,0.8435721872488902,0.5681964687847447,5,2021-06-22
France,2021-06-18,0.7072557040057412,1.0171585932471872,0.3984681414066907,0.8515510889303941,0.5620896767665041,5,2021-06-22
France,2021-06-19,0.708301244882892,1.0332309056825435,0.3807877072229433,0.8609429969721724,0.5566504922158318,5,2021-06-22
France,2021-06-20,0.7081328330080883,1.0546760530730974,0.3617551543439471,0.8707428024126356,0.5464646244845945,5,2021-06-22